assets/img/logo.png,
assets/img/tabs-1.jpg,
assets/img/tabs-2.jpg,
assets/img/tabs-3.jpg,
assets/img/tabs-4.jpg,
assets/img/team/team-1.jpg,
assets/img/team/team-3.jpg,
assets/img/team/team-2.jpg,
assets/img/team/team-4.jpg,
assets/img/team/team-5.jpg,
assets/img/portfolio/folder.png,
assets/img/portfolio/folder.png,
assets/img/portfolio/folder.png,
assets/img/portfolio/folder.png,
assets/img/clients/client-1.png,
assets/img/clients/client-2.png,
assets/img/clients/client-3.png,
assets/img/clients/client-8.png,
assets/img/clients/a.png,
